Genero,Edad,Engagement
Femenino,"(18.0, 25.0]",367.0
Femenino,"(25.0, 35.0]",369.0
Femenino,"(35.0, 45.0]",347.2142857142857
Femenino,"(45.0, inf]",313.96875
Masculino,"(18.0, 25.0]",350.1111111111111
Masculino,"(25.0, 35.0]",334.36842105263156
Masculino,"(35.0, 45.0]",264.6666666666667
Masculino,"(45.0, inf]",317.16129032258067
